,Product Line,Package Name,Package ID,siteEventTime,messageText,messageClass,messageSeverity,messageScope
0,IST,C5900,67336,2023-09-16T00:00:00,Task chain for DMA Launcher - IST created by Andreas Hansson,6515,3,6523
1,IST,C5900,67336,2023-09-17T00:00:00,For Tag 0CBP10CE323__XQ01 does not exist Filter tag G_AP! ,6517,3,6523
2,IST,C5900,67336,2023-09-17T00:00:00,For Tag LSF does not exist Filter tag G_AP! ,6517,3,6523
3,IST,C5900,67336,2023-09-17T00:00:00,Tag BLS1P was not found!,6517,3,6523
4,IST,C5900,67336,2023-09-17T00:00:00,Tag LST_A was not found!,6517,3,6523
5,IST,C5900,67336,2023-09-17T00:00:00,Tag LST_B was not found!,6517,3,6523
6,IST,C5900,67336,2023-09-17T00:00:00,Tag BLS1T was not found!,6517,3,6523
7,IST,C5900,67336,2023-09-17T00:00:00,For Tag BLS3P_A does not exist Filter tag G_AP! ,6517,3,6523
8,IST,C5900,67336,2023-09-17T00:00:00,For Tag BLS3P_B does not exist Filter tag G_AP! ,6517,3,6523
9,IST,C5900,67336,2023-09-17T00:00:00,Tag SSLPT_CV1_POS was not found!,6517,3,6523
10,IST,C5900,67336,2023-09-17T00:00:00,Tag BSP_A was not found!,6517,3,6523
11,IST,C5900,67336,2023-09-15T00:00:00,Task chain for DMA Launcher - IST created by Andreas Hansson,6515,3,6523
12,IST,C5900,67336,2023-09-17T00:00:00,Task chain for DMA Launcher - IST created by Andreas Hansson,6515,3,6523
14,IST,C5900,67336,2023-09-22T00:00:00,Task chain for DMA Launcher - IST created by Andreas Hansson,6515,3,6523
15,IST,C5900,67336,2023-09-17T00:00:00,Tag PI_TUBA_CV3 was not found!,6517,3,6523
16,IST,C5900,67336,2023-09-17T00:00:00,For Tag 0CBP10CE322__XQ01 does not exist Filter tag G_AP! ,6517,3,6523
17,IST,C5900,67336,2023-09-17T00:00:00,For Tag 0CGA10CE223__XQ01 does not exist Filter tag G_AP! ,6517,3,6523
18,IST,C5900,67336,2023-09-17T00:00:00,For Tag LST_B does not exist Filter tag G_AP! ,6517,3,6523
19,IST,C5900,67336,2023-09-17T00:00:00,For Tag LST_C does not exist Filter tag G_AP! ,6517,3,6523
20,IST,C5900,67336,2023-09-17T00:00:00,For Tag BLS1T does not exist Filter tag G_AP! ,6517,3,6523
21,IST,C5900,67336,2023-09-17T00:00:00,For Tag 0LBD20CG001__XQ01 does not exist Filter tag SPEED_AV! ,6517,3,6523
22,IST,C5900,67336,2023-09-17T00:00:00,For Tag 0LBS15CG001__XQ01 does not exist Filter tag SPEED_AV! ,6517,3,6523
23,IST,C5900,67336,2023-09-21T00:00:00,Task chain for DMA Launcher - IST created by Andreas Hansson,6515,3,6523
24,IST,C5900,67336,2023-09-18T00:00:00,Task chain for DMA Launcher - IST created by Andreas Hansson,6515,3,6523
25,IST,C5900,67336,2023-09-19T00:00:00,Task chain for DMA Launcher - IST created by Andreas Hansson,6515,3,6523
26,IST,C5900,67336,2023-09-20T00:00:00,Task chain for DMA Launcher - IST created by Andreas Hansson,6515,3,6523
27,IST,C5900,67336,2023-09-17T00:00:00,Tag FCI_TUBA_CV2 was not found!,6517,3,6523
28,IST,C5900,67336,2023-09-17T00:00:00,Tag FCI_TUBA_CV3 was not found!,6517,3,6523
29,IST,C5900,67336,2023-09-17T00:00:00,Tag C5900_AXIAL_I was not found!,6517,3,6523
30,IST,C5900,67336,2023-09-17T00:00:00,For Tag 0CBP10CE321__XQ01 does not exist Filter tag G_AP! ,6517,3,6523
31,IST,C5900,67336,2023-09-17T00:00:00,Tag LST_C was not found!,6517,3,6523
32,IST,C5900,67336,2023-09-17T00:00:00,For Tag LST does not exist Filter tag G_AP! ,6517,3,6523
33,IST,C5900,67336,2023-09-17T00:00:00,Tag LST was not found!,6517,3,6523
34,IST,C5900,67336,2023-09-17T00:00:00,For Tag 0LBD10CG001__XQ01 does not exist Filter tag SPEED_AV! ,6517,3,6523
35,IST,C5900,67336,2023-09-17T00:00:00,Tag LSF was not found!,6517,3,6523
36,IST,C5900,67336,2023-09-17T00:00:00,For Tag LSP does not exist Filter tag G_AP! ,6517,3,6523
37,IST,C5900,67336,2023-09-17T00:00:00,Tag LSP was not found!,6517,3,6523
38,IST,C5900,67336,2023-09-17T00:00:00,For Tag BLS2P does not exist Filter tag G_AP! ,6517,3,6523
39,IST,C5900,67336,2023-09-17T00:00:00,For Tag LST_A does not exist Filter tag G_AP! ,6517,3,6523
40,IST,C5900,67336,2023-09-17T00:00:00,Tag BLS2P was not found!,6517,3,6523
41,IST,C5900,67336,2023-09-17T00:00:00,For Tag BLS2T does not exist Filter tag G_AP! ,6517,3,6523
42,IST,C5900,67336,2023-09-17T00:00:00,Tag BLS2T was not found!,6517,3,6523
43,IST,C5900,67336,2023-09-17T00:00:00,Tag BSP_B was not found!,6517,3,6523
44,IST,C5900,67336,2023-09-17T00:00:00,For Tag BSP_C does not exist Filter tag BLS3P_A! ,6517,3,6523
45,IST,C5900,67336,2023-09-17T00:00:00,For Tag BSP does not exist Filter tag BLS3P_A! ,6517,3,6523
46,IST,C5900,67336,2023-09-17T00:00:00,For Tag BSP does not exist Filter tag BLS3P_A! ,6517,3,6523
47,IST,C5900,67336,2023-09-17T00:00:00,Tag BST_C was not found!,6517,3,6523
48,IST,C5900,67336,2023-09-17T00:00:00,Tag BST was not found!,6517,3,6523
49,IST,C5900,67336,2023-09-17T00:00:00,Tag SPEED_A was not found!,6517,3,6523
50,IST,C5900,67336,2023-09-17T00:00:00,Tag SPEED_C was not found!,6517,3,6523
51,IST,C5900,67336,2023-09-17T00:00:00,For Tag SPEED_AV does not exist Filter tag G_AP! ,6517,3,6523
52,IST,C5900,67336,2023-09-17T00:00:00,For Tag BT_T_HP_A_2 does not exist Filter tag SPEED_AV! ,6517,3,6523
53,IST,C5900,67336,2023-09-17T00:00:00,For Tag BT_T_HP_R_1 does not exist Filter tag SPEED_AV! ,6517,3,6523
54,IST,C5900,67336,2023-09-17T00:00:00,Tag BT_T_LP_R_1 was not found!,6517,3,6523
55,IST,C5900,67336,2023-09-17T00:00:00,Tag BSP_C was not found!,6517,3,6523
56,IST,C5900,67336,2023-09-17T00:00:00,For Tag BSP does not exist Filter tag BLS3P_A! ,6517,3,6523
57,IST,C5900,67336,2023-09-17T00:00:00,Tag BSP was not found!,6517,3,6523
58,IST,C5900,67336,2023-09-17T00:00:00,For Tag TCDCBT does not exist Filter tag SPEED_AV! ,6517,3,6523
59,IST,C5900,67336,2023-09-17T00:00:00,Tag TCDCBT was not found!,6517,3,6523
60,IST,C5900,67336,2023-09-17T00:00:00,Tag ASPOS_A was not found!,6517,3,6523
61,IST,C5900,67336,2023-09-17T00:00:00,Tag ASPOS_B was not found!,6517,3,6523
62,IST,C5900,67336,2023-09-17T00:00:00,For Tag SVIB_T_HP_X does not exist Filter tag G_AP! ,6517,3,6523
63,IST,C5900,67336,2023-09-17T00:00:00,Tag SVIB_T_HP_X was not found!,6517,3,6523
64,IST,C5900,67336,2023-09-17T00:00:00,For Tag SVIB_T_HP_Y does not exist Filter tag G_AP! ,6517,3,6523
65,IST,C5900,67336,2023-09-17T00:00:00,Tag SVIB_T_LP_X was not found!,6517,3,6523
66,IST,C5900,67336,2023-09-17T00:00:00,For Tag BT_GBP_NDS_R_1 does not exist Filter tag SPEED_AV! ,6517,3,6523
67,IST,C5900,67336,2023-09-17T00:00:00,For Tag BT_GBW_DS_R_1 does not exist Filter tag SPEED_AV! ,6517,3,6523
68,IST,C5900,67336,2023-09-17T00:00:00,For Tag BT_GBW_NDS_R_1 does not exist Filter tag SPEED_AV! ,6517,3,6523
69,IST,C5900,67336,2023-09-17T00:00:00,Tag PVIB_GBW_V was not found!,6517,3,6523
70,IST,C5900,67336,2023-09-17T00:00:00,Tag PVIB1_GBW_H was not found!,6517,3,6523
71,IST,C5900,67336,2023-09-17T00:00:00,For Tag LOP_A does not exist Filter tag SPEED_AV! ,6517,3,6523
72,IST,C5900,67336,2023-09-17T00:00:00,For Tag LOP_B does not exist Filter tag SPEED_AV! ,6517,3,6523
73,IST,C5900,67336,2023-09-17T00:00:00,Tag LOT_A was not found!,6517,3,6523
74,IST,C5900,67336,2023-09-17T00:00:00,Tag SVIB_T_HP_Y was not found!,6517,3,6523
75,IST,C5900,67336,2023-09-17T00:00:00,Tag BT_GBW_NDS_R_1 was not found!,6517,3,6523
76,IST,C5900,67336,2023-09-17T00:00:00,For Tag PVIB_GBW_H does not exist Filter tag SPEED_AV! ,6517,3,6523
77,IST,C5900,67336,2023-09-17T00:00:00,Tag PVIB_GBW_H was not found!,6517,3,6523
78,IST,C5900,67336,2023-09-17T00:00:00,For Tag PVIB_GBW_V does not exist Filter tag SPEED_AV! ,6517,3,6523
79,IST,C5900,67336,2023-09-17T00:00:00,Tag LOP_B was not found!,6517,3,6523
80,IST,C5900,67336,2023-09-17T00:00:00,For Tag LOP_C does not exist Filter tag SPEED_AV! ,6517,3,6523
81,IST,C5900,67336,2023-09-17T00:00:00,Tag LOP_C was not found!,6517,3,6523
82,IST,C5900,67336,2023-09-17T00:00:00,For Tag LOP does not exist Filter tag SPEED_AV! ,6517,3,6523
83,IST,C5900,67336,2023-09-17T00:00:00,Tag LOP was not found!,6517,3,6523
84,IST,C5900,67336,2023-09-17T00:00:00,Tag BLS3P_A was not found!,6517,3,6523
85,IST,C5900,67336,2023-09-17T00:00:00,For Tag BSP_A does not exist Filter tag BLS3P_A! ,6517,3,6523
86,IST,C5900,67336,2023-09-17T00:00:00,For Tag BSP_B does not exist Filter tag BLS3P_A! ,6517,3,6523
87,IST,C5900,67336,2023-09-17T00:00:00,Tag BSP was not found!,6517,3,6523
88,IST,C5900,67336,2023-09-17T00:00:00,Tag BSP was not found!,6517,3,6523
89,IST,C5900,67336,2023-09-17T00:00:00,For Tag BST_C does not exist Filter tag SPEED_AV! ,6517,3,6523
90,IST,C5900,67336,2023-09-17T00:00:00,For Tag 0MAA10CT011__XQ01 does not exist Filter tag G_AP! ,6517,3,6523
91,IST,C5900,67336,2023-09-17T00:00:00,Tag SPEED_B was not found!,6517,3,6523
92,IST,C5900,67336,2023-09-17T00:00:00,Tag SPEED_AV was not found!,6517,3,6523
93,IST,C5900,67336,2023-09-17T00:00:00,Tag BT_T_HP_A_2 was not found!,6517,3,6523
94,IST,C5900,67336,2023-09-17T00:00:00,Tag BT_T_HP_R_1 was not found!,6517,3,6523
95,IST,C5900,67336,2023-09-17T00:00:00,For Tag BT_T_LP_R_1 does not exist Filter tag SPEED_AV! ,6517,3,6523
96,IST,C5900,67336,2023-09-17T00:00:00,For Tag SVIB_T_LP_X does not exist Filter tag G_AP! ,6517,3,6523
97,IST,C5900,67336,2023-09-17T00:00:00,Tag BT_GBP_NDS_R_1 was not found!,6517,3,6523
98,IST,C5900,67336,2023-09-17T00:00:00,Tag BT_GBW_DS_R_1 was not found!,6517,3,6523
99,IST,C5900,67336,2023-09-17T00:00:00,For Tag PVIB1_GBW_H does not exist Filter tag SPEED_AV! ,6517,3,6523
100,IST,C5900,67336,2023-09-17T00:00:00,For Tag PVIB1_GBW_V does not exist Filter tag SPEED_AV! ,6517,3,6523
101,IST,C5900,67336,2023-09-17T00:00:00,Tag LOF1DP was not found!,6517,3,6523
102,IST,C5900,67336,2023-09-17T00:00:00,Tag LOP_A was not found!,6517,3,6523
103,IST,C5900,67336,2023-09-17T00:00:00,For Tag LOT_A does not exist Filter tag SPEED_AV! ,6517,3,6523
104,IST,C5900,67336,2023-09-17T00:00:00,For Tag BLS1P does not exist Filter tag G_AP! ,6517,3,6523
105,IST,C5900,67336,2023-09-17T00:00:00,Tag BLS3P_B was not found!,6517,3,6523
106,IST,C5900,67336,2023-09-17T00:00:00,For Tag BLS3T does not exist Filter tag G_AP! ,6517,3,6523
107,IST,C5900,67336,2023-09-17T00:00:00,Tag BLS3T was not found!,6517,3,6523
108,IST,C5900,67336,2023-09-17T00:00:00,For Tag SSLPT_CV1_POS does not exist Filter tag G_AP! ,6517,3,6523
109,IST,C5900,67336,2023-09-17T00:00:00,For Tag BST_A does not exist Filter tag SPEED_AV! ,6517,3,6523
110,IST,C5900,67336,2023-09-17T00:00:00,Tag BST_A was not found!,6517,3,6523
111,IST,C5900,67336,2023-09-17T00:00:00,For Tag BST_B does not exist Filter tag SPEED_AV! ,6517,3,6523
112,IST,C5900,67336,2023-09-17T00:00:00,Tag BST_B was not found!,6517,3,6523
113,IST,C5900,67336,2023-09-17T00:00:00,Tag SPEED_AV was not found!,6517,3,6523
114,IST,C5900,67336,2023-09-17T00:00:00,For Tag 0CHA10CE309__XQ12 does not exist Filter tag G_AP! ,6517,3,6523
115,IST,C5900,67336,2023-09-17T00:00:00,For Tag BT_T_HP_A_1 does not exist Filter tag SPEED_AV! ,6517,3,6523
116,IST,C5900,67336,2023-09-17T00:00:00,Tag BT_T_HP_A_1 was not found!,6517,3,6523
117,IST,C5900,67336,2023-09-17T00:00:00,For Tag SVIB_T_LP_Y does not exist Filter tag G_AP! ,6517,3,6523
118,IST,C5900,67336,2023-09-17T00:00:00,Tag SVIB_T_LP_Y was not found!,6517,3,6523
119,IST,C5900,67336,2023-09-17T00:00:00,For Tag BT_GBP_DS_R_1 does not exist Filter tag SPEED_AV! ,6517,3,6523
120,IST,C5900,67336,2023-09-17T00:00:00,Tag BT_GBP_DS_R_1 was not found!,6517,3,6523
121,IST,C5900,67336,2023-09-17T00:00:00,Tag PVIB1_GBW_V was not found!,6517,3,6523
122,IST,C5900,67336,2023-09-17T00:00:00,For Tag LOTL does not exist Filter tag SPEED_AV! ,6517,3,6523
123,IST,C5900,67336,2023-09-17T00:00:00,Tag LOTL was not found!,6517,3,6523
124,IST,C5900,67336,2023-09-17T00:00:00,For Tag SST does not exist Filter tag SPEED_AV! ,6517,3,6523
125,IST,C5900,67336,2023-09-17T00:00:00,Tag SST was not found!,6517,3,6523
126,IST,C5900,67336,2023-09-17T00:00:00,For Tag COP does not exist Filter tag SPEED_AV! ,6517,3,6523
127,IST,C5900,67336,2023-09-17T00:00:00,Tag COP was not found!,6517,3,6523
128,IST,C5900,67336,2023-09-17T00:00:00,Tag G_WIT_1 was not found!,6517,3,6523
129,IST,C5900,67336,2023-09-17T00:00:00,For Tag G_WIT_2 does not exist Filter tag G_AP! ,6517,3,6523
130,IST,C5900,67336,2023-09-17T00:00:00,Tag G_WIT_2 was not found!,6517,3,6523
131,IST,C5900,67336,2023-09-17T00:00:00,For Tag G_WIT_3 does not exist Filter tag G_AP! ,6517,3,6523
132,IST,C5900,67336,2023-09-17T00:00:00,Tag G_WAT_1 was not found!,6517,3,6523
133,IST,C5900,67336,2023-09-17T00:00:00,For Tag BT_G_NDS_R_1 does not exist Filter tag SPEED_AV! ,6517,3,6523
134,IST,C5900,67336,2023-09-17T00:00:00,Tag BT_G_NDS_R_1 was not found!,6517,3,6523
135,IST,C5900,67336,2023-09-17T00:00:00,For Tag SVIB_G_DS_X does not exist Filter tag G_AP! ,6517,3,6523
136,IST,C5900,67336,2023-09-17T00:00:00,Tag SVIB_G_DS_X was not found!,6517,3,6523
137,IST,C5900,67336,2023-09-17T00:00:00,For Tag 0CHA10CE302__XQ12 does not exist Filter tag G_AP! ,6517,3,6523
138,IST,C5900,67336,2023-09-17T00:00:00,Unable to run agent: Producer AM and Tag ([TagReader]-Tag missing (G_AP)),6517,3,6523
139,IST,C5900,67336,2023-09-17T00:00:00,Unable to run agent: Producer AM and Tag ([TagReader]-Tag missing (G_AP)),6517,1,6523
140,IST,C5900,67336,2023-09-17T00:00:00,For Tag LOT_B does not exist Filter tag SPEED_AV! ,6517,3,6523
141,IST,C5900,67336,2023-09-17T00:00:00,Tag SSLPP_CV1_POS was not found!,6517,3,6523
142,IST,C5900,67336,2023-09-17T00:00:00,Tag G_CAT_1 was not found!,6517,3,6523
143,IST,C5900,67336,2023-09-17T00:00:00,Tag SSP was not found!,6517,3,6523
144,IST,C5900,67336,2023-09-17T00:00:00,For Tag LSP_CV1_POS does not exist Filter tag SPEED_AV! ,6517,3,6523
145,IST,C5900,67336,2023-09-17T00:00:00,For Tag 0MAX45CP001__XQ01 does not exist Filter tag G_AP! ,6517,3,6523
146,IST,C5900,67336,2023-09-17T00:00:00,Tag G_AP was not found!,6517,3,6523
147,IST,C5900,67336,2023-09-17T00:00:00,Tag BT_G_DS_R_1 was not found!,6517,3,6523
148,IST,C5900,67336,2023-09-17T00:00:00,For Tag G_WIT_4 does not exist Filter tag G_AP! ,6517,3,6523
149,IST,C5900,67336,2023-09-17T00:00:00,For Tag G_WIT_5 does not exist Filter tag G_AP! ,6517,3,6523
150,IST,C5900,67336,2023-09-17T00:00:00,Tag G_CAT_2 was not found!,6517,3,6523
151,IST,C5900,67336,2023-09-17T00:00:00,For Tag SVIB_G_DS_Y does not exist Filter tag G_AP! ,6517,3,6523
152,IST,C5900,67336,2023-09-17T00:00:00,For Tag PVIB_G_DS_1 does not exist Filter tag G_AP! ,6517,3,6523
153,IST,C5900,67336,2023-09-17T00:00:00,Tag PVIB_G_NDS_1 was not found!,6517,3,6523
154,IST,C5900,67336,2023-09-17T00:00:00,For Tag 0CHA10CE301__XQ12 does not exist Filter tag G_AP! ,6517,3,6523
155,IST,C5900,67336,2023-09-17T00:00:00,For Tag G_WIT_6 does not exist Filter tag G_AP! ,6517,3,6523
156,IST,C5900,67336,2023-09-17T00:00:00,Tag G_WIT_6 was not found!,6517,3,6523
157,IST,C5900,67336,2023-09-17T00:00:00,For Tag G_CAT_1 does not exist Filter tag G_AP! ,6517,3,6523
158,IST,C5900,67336,2023-09-17T00:00:00,Tag LOTT was not found!,6517,3,6523
159,IST,C5900,67336,2023-09-17T00:00:00,For Tag LOT_C does not exist Filter tag SPEED_AV! ,6517,3,6523
160,IST,C5900,67336,2023-09-17T00:00:00,Tag LOT_C was not found!,6517,3,6523
161,IST,C5900,67336,2023-09-17T00:00:00,For Tag LOT does not exist Filter tag SPEED_AV! ,6517,3,6523
162,IST,C5900,67336,2023-09-17T00:00:00,Tag LOT was not found!,6517,3,6523
163,IST,C5900,67336,2023-09-17T00:00:00,For Tag 0MAX45CP003__XQ01 does not exist Filter tag G_AP! ,6517,3,6523
164,IST,C5900,67336,2023-09-17T00:00:00,For Tag 0MAX45CP004__XQ01 does not exist Filter tag G_AP! ,6517,3,6523
165,IST,C5900,67336,2023-09-17T00:00:00,Tag LOT_B was not found!,6517,3,6523
166,IST,C5900,67336,2023-09-17T00:00:00,For Tag SSLPP_CV1_POS does not exist Filter tag SPEED_AV! ,6517,3,6523
167,IST,C5900,67336,2023-09-17T00:00:00,For Tag SSP does not exist Filter tag SPEED_AV! ,6517,3,6523
168,IST,C5900,67336,2023-09-17T00:00:00,Tag LSP_CV1_POS was not found!,6517,3,6523
169,IST,C5900,67336,2023-09-17T00:00:00,For Tag 0MAX45CP002__XQ01 does not exist Filter tag G_AP! ,6517,3,6523
170,IST,C5900,67336,2023-09-17T00:00:00,For Tag BT_G_DS_R_1 does not exist Filter tag SPEED_AV! ,6517,3,6523
171,IST,C5900,67336,2023-09-17T00:00:00,For Tag G_WIT_1 does not exist Filter tag G_AP! ,6517,3,6523
172,IST,C5900,67336,2023-09-17T00:00:00,Tag G_WIT_3 was not found!,6517,3,6523
173,IST,C5900,67336,2023-09-17T00:00:00,Tag G_WIT_4 was not found!,6517,3,6523
174,IST,C5900,67336,2023-09-17T00:00:00,For Tag G_CAT_2 does not exist Filter tag G_AP! ,6517,3,6523
175,IST,C5900,67336,2023-09-17T00:00:00,For Tag 0MAX45CP901__XQ01 does not exist Filter tag G_AP! ,6517,3,6523
176,IST,C5900,67336,2023-09-17T00:00:00,For Tag SSLPT_CV1_ASIG does not exist Filter tag G_AP! ,6517,3,6523
177,IST,C5900,67336,2023-09-17T00:00:00,Tag SSLPT_CV1_ASIG was not found!,6517,3,6523
178,IST,C5900,67336,2023-09-17T00:00:00,Tag G_WIT_5 was not found!,6517,3,6523
179,IST,C5900,67336,2023-09-17T00:00:00,For Tag SVIB_G_NDS_X does not exist Filter tag G_AP! ,6517,3,6523
180,IST,C5900,67336,2023-09-17T00:00:00,Tag SVIB_G_NDS_X was not found!,6517,3,6523
181,IST,C5900,67336,2023-09-17T00:00:00,For Tag SVIB_G_NDS_Y does not exist Filter tag G_AP! ,6517,3,6523
182,IST,C5900,67336,2023-09-17T00:00:00,Tag SVIB_G_NDS_Y was not found!,6517,3,6523
183,IST,C5900,67336,2023-09-17T00:00:00,For Tag G_WAT_1 does not exist Filter tag G_AP! ,6517,3,6523
184,IST,C5900,67336,2023-09-17T00:00:00,Tag SVIB_G_DS_Y was not found!,6517,3,6523
185,IST,C5900,67336,2023-09-17T00:00:00,Tag PVIB_G_DS_1 was not found!,6517,3,6523
186,IST,C5900,67336,2023-09-17T00:00:00,For Tag PVIB_G_NDS_1 does not exist Filter tag G_AP! ,6517,3,6523
187,IST,C5900,67336,2023-09-17T00:00:00,For Tag 0CHA10CE303__XQ12 does not exist Filter tag G_AP! ,6517,3,6523
